0000000,7197d2f7-255b-3c95-a09a-8ff14d734bff
ankikong,747ac0b1-1078-3f7c-ae4e-c6acd3b390d2
aozaki_meko,7b6f3ffe-f609-3707-8688-c19a639849a6
ben,c6f192dd-9855-3c0b-9ba4-f10494358b69
ben2,d8768112-3393-3399-bcb0-f91fec261584
canobe,7bd31cfa-f05b-3e04-acea-998137e37c66
dudu,f4447773-347c-3162-bb86-0940a83ec455
gin,719e89c9-e894-3bf7-991a-20409ea1822c
koo,5d566c7c-613a-394f-a16f-cc4ef558c5cc
mostima,b533aa7c-473b-3bac-bdef-fc03920d0cb7
toshi,7c22875d-917e-3226-bd66-ac3dcd2daaf6
xilou,1a0a71cf-25e7-3154-95e9-1af3c831417a
